{
  "train": {
    "n_positives": 46,
    "n_candidates": 357,
    "n_matched": 46,
    "candidate_reuse_events": 0,
    "mean_matching_score": 0.6032075519081733,
    "mean_text_similarity": 0.35392036071482236,
    "authority_match_rate": 0.9782608695652174,
    "jurisdiction_match_rate": 1.0,
    "document_form_match_rate": 1.0,
    "domain_overlap_mean": 0.1956521739130435,
    "year_score_mean": 0.9891304347826086,
    "length_score_mean": 0.7709556349954676,
    "encoding_method_used": "tfidf"
  },
  "dev": {
    "n_positives": 12,
    "n_candidates": 94,
    "n_matched": 12,
    "candidate_reuse_events": 0,
    "mean_matching_score": 0.519608099324505,
    "mean_text_similarity": 0.21688968929930363,
    "authority_match_rate": 0.8333333333333334,
    "jurisdiction_match_rate": 1.0,
    "document_form_match_rate": 1.0,
    "domain_overlap_mean": 0.10416666666666667,
    "year_score_mean": 0.888888888888889,
    "length_score_mean": 0.8381329469537399,
    "encoding_method_used": "tfidf"
  },
  "test": {
    "n_positives": 10,
    "n_candidates": 42,
    "n_matched": 10,
    "candidate_reuse_events": 0,
    "mean_matching_score": 0.4743805556455164,
    "mean_text_similarity": 0.2305266458453627,
    "authority_match_rate": 0.8,
    "jurisdiction_match_rate": 0.8,
    "document_form_match_rate": 0.8,
    "domain_overlap_mean": 0.06999999999999999,
    "year_score_mean": 0.8333333333333334,
    "length_score_mean": 0.8197689834843642,
    "encoding_method_used": "tfidf"
  }
}