{
  "train": {
    "n_positives": 272,
    "n_candidates": 1693,
    "n_matched": 272,
    "candidate_reuse_events": 0,
    "mean_matching_score": 0.5936642438693557,
    "mean_text_similarity": 0.37858706347749493,
    "authority_match_rate": 0.9154411764705882,
    "jurisdiction_match_rate": 0.9816176470588235,
    "document_form_match_rate": 0.9816176470588235,
    "domain_overlap_mean": 0.08906687675070027,
    "year_score_mean": 0.9416053921568628,
    "length_score_mean": 0.7944546096274622,
    "encoding_method_used": "tfidf"
  },
  "dev": {
    "n_positives": 66,
    "n_candidates": 379,
    "n_matched": 66,
    "candidate_reuse_events": 0,
    "mean_matching_score": 0.5063360118820607,
    "mean_text_similarity": 0.23728098906017178,
    "authority_match_rate": 0.696969696969697,
    "jurisdiction_match_rate": 0.8787878787878788,
    "document_form_match_rate": 1.0,
    "domain_overlap_mean": 0.19318181818181818,
    "year_score_mean": 0.8636363636363636,
    "length_score_mean": 0.7948380922922568,
    "encoding_method_used": "tfidf"
  },
  "test": {
    "n_positives": 43,
    "n_candidates": 266,
    "n_matched": 43,
    "candidate_reuse_events": 0,
    "mean_matching_score": 0.5819622721899386,
    "mean_text_similarity": 0.318902918760061,
    "authority_match_rate": 0.9302325581395349,
    "jurisdiction_match_rate": 0.9767441860465116,
    "document_form_match_rate": 0.9767441860465116,
    "domain_overlap_mean": 0.19767441860465115,
    "year_score_mean": 0.9651162790697675,
    "length_score_mean": 0.8206060991070178,
    "encoding_method_used": "tfidf"
  }
}