{
  "train": {
    "n_positives": 220,
    "n_candidates": 1745,
    "n_matched": 220,
    "candidate_reuse_events": 0,
    "mean_matching_score": 0.5822465795814916,
    "mean_text_similarity": 0.37734780330992107,
    "authority_match_rate": 0.8727272727272727,
    "jurisdiction_match_rate": 0.9636363636363636,
    "document_form_match_rate": 0.9636363636363636,
    "domain_overlap_mean": 0.06623376623376623,
    "year_score_mean": 0.9319696969696968,
    "length_score_mean": 0.7921820662016552,
    "encoding_method_used": "tfidf"
  },
  "dev": {
    "n_positives": 76,
    "n_candidates": 369,
    "n_matched": 76,
    "candidate_reuse_events": 0,
    "mean_matching_score": 0.5278233005763793,
    "mean_text_similarity": 0.2480002370246408,
    "authority_match_rate": 0.7894736842105263,
    "jurisdiction_match_rate": 1.0,
    "document_form_match_rate": 1.0,
    "domain_overlap_mean": 0.09035087719298245,
    "year_score_mean": 0.9605263157894737,
    "length_score_mean": 0.8021442198546638,
    "encoding_method_used": "tfidf"
  },
  "test": {
    "n_positives": 40,
    "n_candidates": 269,
    "n_matched": 40,
    "candidate_reuse_events": 0,
    "mean_matching_score": 0.5908022162203339,
    "mean_text_similarity": 0.30400094221379126,
    "authority_match_rate": 1.0,
    "jurisdiction_match_rate": 1.0,
    "document_form_match_rate": 1.0,
    "domain_overlap_mean": 0.2125,
    "year_score_mean": 1.0,
    "length_score_mean": 0.8275179222412788,
    "encoding_method_used": "tfidf"
  }
}