{
  "train": {
    "n_positives": 66,
    "n_candidates": 337,
    "n_matched": 66,
    "candidate_reuse_events": 0,
    "mean_matching_score": 0.5645625049085611,
    "mean_text_similarity": 0.3020186662857034,
    "authority_match_rate": 0.8939393939393939,
    "jurisdiction_match_rate": 0.9696969696969697,
    "document_form_match_rate": 0.9696969696969697,
    "domain_overlap_mean": 0.16666666666666666,
    "year_score_mean": 0.946969696969697,
    "length_score_mean": 0.813056202315096,
    "encoding_method_used": "tfidf"
  },
  "dev": {
    "n_positives": 28,
    "n_candidates": 78,
    "n_matched": 28,
    "candidate_reuse_events": 0,
    "mean_matching_score": 0.45633554927733055,
    "mean_text_similarity": 0.18983565139765604,
    "authority_match_rate": 0.5714285714285714,
    "jurisdiction_match_rate": 0.8571428571428571,
    "document_form_match_rate": 1.0,
    "domain_overlap_mean": 0.09166666666666666,
    "year_score_mean": 0.7738095238095237,
    "length_score_mean": 0.8019522043409962,
    "encoding_method_used": "tfidf"
  },
  "test": {
    "n_positives": 14,
    "n_candidates": 38,
    "n_matched": 14,
    "candidate_reuse_events": 0,
    "mean_matching_score": 0.5518373471304686,
    "mean_text_similarity": 0.2124710487302957,
    "authority_match_rate": 1.0,
    "jurisdiction_match_rate": 1.0,
    "document_form_match_rate": 1.0,
    "domain_overlap_mean": 0.20714285714285713,
    "year_score_mean": 1.0,
    "length_score_mean": 0.8551108948754983,
    "encoding_method_used": "tfidf"
  }
}