{
  "train": {
    "n_positives": 68,
    "n_candidates": 335,
    "n_matched": 68,
    "candidate_reuse_events": 0,
    "mean_matching_score": 0.5332133080379791,
    "mean_text_similarity": 0.2483395746332036,
    "authority_match_rate": 0.8970588235294118,
    "jurisdiction_match_rate": 0.9705882352941176,
    "document_form_match_rate": 0.9705882352941176,
    "domain_overlap_mean": 0.08823529411764706,
    "year_score_mean": 0.9534313725490196,
    "length_score_mean": 0.8114187200205702,
    "encoding_method_used": "tfidf"
  },
  "dev": {
    "n_positives": 26,
    "n_candidates": 80,
    "n_matched": 26,
    "candidate_reuse_events": 0,
    "mean_matching_score": 0.5291108485686133,
    "mean_text_similarity": 0.20738455435233955,
    "authority_match_rate": 0.9615384615384616,
    "jurisdiction_match_rate": 1.0,
    "document_form_match_rate": 1.0,
    "domain_overlap_mean": 0.12435897435897436,
    "year_score_mean": 0.9743589743589743,
    "length_score_mean": 0.7848010680236818,
    "encoding_method_used": "tfidf"
  },
  "test": {
    "n_positives": 18,
    "n_candidates": 34,
    "n_matched": 18,
    "candidate_reuse_events": 0,
    "mean_matching_score": 0.46999514506385004,
    "mean_text_similarity": 0.15255642275195563,
    "authority_match_rate": 0.8333333333333334,
    "jurisdiction_match_rate": 0.8333333333333334,
    "document_form_match_rate": 1.0,
    "domain_overlap_mean": 0.061111111111111116,
    "year_score_mean": 0.8981481481481483,
    "length_score_mean": 0.8365956964028483,
    "encoding_method_used": "tfidf"
  }
}