{
  "train": {
    "n_positives": 47,
    "n_candidates": 356,
    "n_matched": 47,
    "candidate_reuse_events": 0,
    "mean_matching_score": 0.5332875397611477,
    "mean_text_similarity": 0.27776029343061037,
    "authority_match_rate": 0.8297872340425532,
    "jurisdiction_match_rate": 0.9574468085106383,
    "document_form_match_rate": 0.9574468085106383,
    "domain_overlap_mean": 0.0851063829787234,
    "year_score_mean": 0.9468085106382981,
    "length_score_mean": 0.7797625878120282,
    "encoding_method_used": "tfidf"
  },
  "dev": {
    "n_positives": 18,
    "n_candidates": 88,
    "n_matched": 18,
    "candidate_reuse_events": 0,
    "mean_matching_score": 0.497275697906548,
    "mean_text_similarity": 0.22978932556639112,
    "authority_match_rate": 0.7222222222222222,
    "jurisdiction_match_rate": 0.8888888888888888,
    "document_form_match_rate": 1.0,
    "domain_overlap_mean": 0.06481481481481483,
    "year_score_mean": 0.8888888888888888,
    "length_score_mean": 0.8183346436463494,
    "encoding_method_used": "tfidf"
  },
  "test": {
    "n_positives": 11,
    "n_candidates": 41,
    "n_matched": 11,
    "candidate_reuse_events": 0,
    "mean_matching_score": 0.5344162810393424,
    "mean_text_similarity": 0.21153863613864052,
    "authority_match_rate": 1.0,
    "jurisdiction_match_rate": 1.0,
    "document_form_match_rate": 1.0,
    "domain_overlap_mean": 0.05454545454545456,
    "year_score_mean": 1.0,
    "length_score_mean": 0.8376934932240875,
    "encoding_method_used": "tfidf"
  }
}