{
  "train": {
    "n_positives": 35,
    "n_candidates": 368,
    "n_matched": 35,
    "candidate_reuse_events": 0,
    "mean_matching_score": 0.5244500115317622,
    "mean_text_similarity": 0.28633295870301106,
    "authority_match_rate": 0.7714285714285715,
    "jurisdiction_match_rate": 0.9142857142857143,
    "document_form_match_rate": 0.9142857142857143,
    "domain_overlap_mean": 0.07142857142857142,
    "year_score_mean": 0.9476190476190478,
    "length_score_mean": 0.8107637059159758,
    "encoding_method_used": "tfidf"
  },
  "dev": {
    "n_positives": 16,
    "n_candidates": 90,
    "n_matched": 16,
    "candidate_reuse_events": 0,
    "mean_matching_score": 0.5363823751401245,
    "mean_text_similarity": 0.23219499017064943,
    "authority_match_rate": 0.875,
    "jurisdiction_match_rate": 1.0,
    "document_form_match_rate": 1.0,
    "domain_overlap_mean": 0.10625000000000001,
    "year_score_mean": 0.9166666666666666,
    "length_score_mean": 0.8793629622999899,
    "encoding_method_used": "tfidf"
  },
  "test": {
    "n_positives": 10,
    "n_candidates": 42,
    "n_matched": 10,
    "candidate_reuse_events": 0,
    "mean_matching_score": 0.5330800052379768,
    "mean_text_similarity": 0.18964641995875767,
    "authority_match_rate": 1.0,
    "jurisdiction_match_rate": 1.0,
    "document_form_match_rate": 1.0,
    "domain_overlap_mean": 0.10999999999999999,
    "year_score_mean": 1.0,
    "length_score_mean": 0.8673911625653593,
    "encoding_method_used": "tfidf"
  }
}