{
  "sequence_length_adjusted": true,
  "total_survivors": 22,
  "target_survivors": 11,
  "target_ids": [
    6711,
    245,
    11139,
    4773,
    14371,
    5081,
    7016,
    5946,
    14448,
    11529,
    16043,
    11008,
    108,
    261,
    13528,
    7344,
    12575,
    3923,
    1388,
    15053,
    748,
    3973,
    13404,
    14162,
    7515,
    3606,
    468,
    12976,
    2299,
    9063,
    11691,
    15851,
    14451,
    9335,
    4685,
    7780,
    5131,
    4387,
    12130,
    1027,
    2824,
    8005,
    15119,
    2272,
    5160,
    864,
    4512,
    7547,
    1125,
    10746,
    1490,
    15118,
    15269,
    1406,
    7008,
    6408,
    4939,
    13946,
    2563,
    16101,
    6903,
    9471,
    702,
    10606
  ],
  "target_p_values": [
    6.987810184348048e-07,
    1.0885598572815598e-08,
    0.23280253764015668,
    5.067082574271164e-05,
    0.001376118008366892,
    2.417547529982424e-05,
    4.412260637645579e-09,
    6.121331028535241e-08,
    0.9078719672800089,
    6.377730049965272e-09,
    2.457443942382143e-06,
    0.00524008220263015,
    1.7456852134883042e-06,
    0.3460360187646361,
    8.970856618091961e-06,
    2.692130425956976e-05,
    0.31670190194415615,
    0.011217974579616635,
    0.0004625169010563039,
    0.012568520808644007,
    0.00012298209887339178,
    0.00037097064215931924,
    0.05271866361896879,
    0.0005847420510449097,
    9.694667342825303e-05,
    0.00017234317061005152,
    0.013564477205316608,
    0.0007450203695365113,
    0.2033788931444337,
    0.33543198152535336,
    0.015655425982763385,
    0.000805698914352147,
    0.000524805131174342,
    9.67314868028282e-05,
    0.037328729617794376,
    0.009700181752082405,
    0.0022637416889291274,
    0.0005264028959762946,
    0.0018243443437086877,
    0.0009861870926262746,
    0.4806985381402944,
    0.00564760655325713,
    0.006005460201141805,
    0.24676535441572156,
    0.0008952242192130159,
    0.21921812796804785,
    0.00658570470249666,
    0.08406738917795994,
    0.1530207467881662,
    0.005152035261073046,
    0.00012055288148296965,
    0.9986701635079464,
    0.0013518585284927912,
    0.12170107480638184,
    0.058483256462081516,
    0.41672960746086407,
    0.049027824579165984,
    0.4788021063879305,
    0.1944022429437381,
    0.08720254993202184,
    0.7459636724640584,
    0.13103792952880422,
    0.014756579332182189,
    0.01093190421843429
  ]
}