{
  "train": {
    "n_positives": 88,
    "n_candidates": 315,
    "n_matched": 88,
    "candidate_reuse_events": 0,
    "mean_matching_score": 0.5280788943044995,
    "mean_text_similarity": 0.22677600466950187,
    "authority_match_rate": 0.9204545454545454,
    "jurisdiction_match_rate": 0.9886363636363636,
    "document_form_match_rate": 0.9659090909090909,
    "domain_overlap_mean": 0.10795454545454546,
    "year_score_mean": 0.9375,
    "length_score_mean": 0.8085923765776901,
    "encoding_method_used": "tfidf"
  },
  "dev": {
    "n_positives": 23,
    "n_candidates": 83,
    "n_matched": 23,
    "candidate_reuse_events": 0,
    "mean_matching_score": 0.4852171912549197,
    "mean_text_similarity": 0.18204368255472325,
    "authority_match_rate": 0.8695652173913043,
    "jurisdiction_match_rate": 0.9565217391304348,
    "document_form_match_rate": 0.9565217391304348,
    "domain_overlap_mean": 0.0,
    "year_score_mean": 0.7931159420289854,
    "length_score_mean": 0.853808674386276,
    "encoding_method_used": "tfidf"
  },
  "test": {
    "n_positives": 10,
    "n_candidates": 42,
    "n_matched": 10,
    "candidate_reuse_events": 0,
    "mean_matching_score": 0.5638161887841948,
    "mean_text_similarity": 0.2512532016282572,
    "authority_match_rate": 1.0,
    "jurisdiction_match_rate": 1.0,
    "document_form_match_rate": 1.0,
    "domain_overlap_mean": 0.15999999999999998,
    "year_score_mean": 1.0,
    "length_score_mean": 0.8475224805147917,
    "encoding_method_used": "tfidf"
  }
}