{
  "train": {
    "n_positives": 370,
    "n_candidates": 1595,
    "n_matched": 370,
    "candidate_reuse_events": 0,
    "mean_matching_score": 0.5885170043911393,
    "mean_text_similarity": 0.3561898953861937,
    "authority_match_rate": 0.9486486486486486,
    "jurisdiction_match_rate": 0.981081081081081,
    "document_form_match_rate": 0.9783783783783784,
    "domain_overlap_mean": 0.10296010296010295,
    "year_score_mean": 0.9222586872586872,
    "length_score_mean": 0.8101179599759668,
    "encoding_method_used": "tfidf"
  },
  "dev": {
    "n_positives": 98,
    "n_candidates": 347,
    "n_matched": 98,
    "candidate_reuse_events": 0,
    "mean_matching_score": 0.5690543929405709,
    "mean_text_similarity": 0.28052963997549546,
    "authority_match_rate": 0.9795918367346939,
    "jurisdiction_match_rate": 1.0,
    "document_form_match_rate": 1.0,
    "domain_overlap_mean": 0.15476190476190477,
    "year_score_mean": 0.9880952380952381,
    "length_score_mean": 0.7997591889717617,
    "encoding_method_used": "tfidf"
  },
  "test": {
    "n_positives": 43,
    "n_candidates": 266,
    "n_matched": 43,
    "candidate_reuse_events": 0,
    "mean_matching_score": 0.5931875947750448,
    "mean_text_similarity": 0.33647971718220215,
    "authority_match_rate": 0.9767441860465116,
    "jurisdiction_match_rate": 0.9767441860465116,
    "document_form_match_rate": 0.9767441860465116,
    "domain_overlap_mean": 0.22790697674418606,
    "year_score_mean": 0.9263565891472867,
    "length_score_mean": 0.796399390973173,
    "encoding_method_used": "tfidf"
  }
}