{
  "train": {
    "n_positives": 343,
    "n_candidates": 1622,
    "n_matched": 343,
    "candidate_reuse_events": 0,
    "mean_matching_score": 0.6140221230096311,
    "mean_text_similarity": 0.3925075815291068,
    "authority_match_rate": 0.9825072886297376,
    "jurisdiction_match_rate": 0.9912536443148688,
    "document_form_match_rate": 0.9912536443148688,
    "domain_overlap_mean": 0.13309037900874637,
    "year_score_mean": 0.944363459669582,
    "length_score_mean": 0.8036504271123177,
    "encoding_method_used": "tfidf"
  },
  "dev": {
    "n_positives": 97,
    "n_candidates": 348,
    "n_matched": 97,
    "candidate_reuse_events": 0,
    "mean_matching_score": 0.5614334368232119,
    "mean_text_similarity": 0.2844883748598971,
    "authority_match_rate": 0.9072164948453608,
    "jurisdiction_match_rate": 1.0,
    "document_form_match_rate": 1.0,
    "domain_overlap_mean": 0.1536082474226804,
    "year_score_mean": 0.9355670103092784,
    "length_score_mean": 0.8055284339399014,
    "encoding_method_used": "tfidf"
  },
  "test": {
    "n_positives": 47,
    "n_candidates": 262,
    "n_matched": 47,
    "candidate_reuse_events": 0,
    "mean_matching_score": 0.594442914291691,
    "mean_text_similarity": 0.3319386660580742,
    "authority_match_rate": 1.0,
    "jurisdiction_match_rate": 1.0,
    "document_form_match_rate": 1.0,
    "domain_overlap_mean": 0.16595744680851063,
    "year_score_mean": 0.9680851063829787,
    "length_score_mean": 0.800705145655578,
    "encoding_method_used": "tfidf"
  }
}