{
  "train": {
    "n_positives": 327,
    "n_candidates": 1638,
    "n_matched": 327,
    "candidate_reuse_events": 0,
    "mean_matching_score": 0.5941553366608434,
    "mean_text_similarity": 0.36661167679277856,
    "authority_match_rate": 0.9663608562691132,
    "jurisdiction_match_rate": 0.9877675840978594,
    "document_form_match_rate": 0.9877675840978594,
    "domain_overlap_mean": 0.08168050094655599,
    "year_score_mean": 0.9448012232415903,
    "length_score_mean": 0.795823684008748,
    "encoding_method_used": "tfidf"
  },
  "dev": {
    "n_positives": 67,
    "n_candidates": 378,
    "n_matched": 67,
    "candidate_reuse_events": 0,
    "mean_matching_score": 0.560671574209571,
    "mean_text_similarity": 0.27313610879986605,
    "authority_match_rate": 0.9104477611940298,
    "jurisdiction_match_rate": 1.0,
    "document_form_match_rate": 1.0,
    "domain_overlap_mean": 0.16666666666666669,
    "year_score_mean": 0.968905472636816,
    "length_score_mean": 0.8160360883172081,
    "encoding_method_used": "tfidf"
  },
  "test": {
    "n_positives": 28,
    "n_candidates": 281,
    "n_matched": 28,
    "candidate_reuse_events": 0,
    "mean_matching_score": 0.5666710631215867,
    "mean_text_similarity": 0.3113440939567419,
    "authority_match_rate": 0.9642857142857143,
    "jurisdiction_match_rate": 0.9642857142857143,
    "document_form_match_rate": 0.9642857142857143,
    "domain_overlap_mean": 0.12142857142857144,
    "year_score_mean": 0.9226190476190476,
    "length_score_mean": 0.7900669703152897,
    "encoding_method_used": "tfidf"
  }
}