{
  "train": {
    "n_positives": 337,
    "n_candidates": 1628,
    "n_matched": 337,
    "candidate_reuse_events": 0,
    "mean_matching_score": 0.598257334002626,
    "mean_text_similarity": 0.3658942945529858,
    "authority_match_rate": 0.9584569732937686,
    "jurisdiction_match_rate": 0.9851632047477745,
    "document_form_match_rate": 0.9881305637982196,
    "domain_overlap_mean": 0.12292638123498656,
    "year_score_mean": 0.9634308322735622,
    "length_score_mean": 0.7996564753262936,
    "encoding_method_used": "tfidf"
  },
  "dev": {
    "n_positives": 99,
    "n_candidates": 346,
    "n_matched": 99,
    "candidate_reuse_events": 0,
    "mean_matching_score": 0.5541161046218542,
    "mean_text_similarity": 0.2696706880534177,
    "authority_match_rate": 0.9393939393939394,
    "jurisdiction_match_rate": 0.9696969696969697,
    "document_form_match_rate": 0.9494949494949495,
    "domain_overlap_mean": 0.18249158249158254,
    "year_score_mean": 0.978956228956229,
    "length_score_mean": 0.7970873944226071,
    "encoding_method_used": "tfidf"
  },
  "test": {
    "n_positives": 51,
    "n_candidates": 258,
    "n_matched": 51,
    "candidate_reuse_events": 0,
    "mean_matching_score": 0.5694198085152479,
    "mean_text_similarity": 0.28035748677954997,
    "authority_match_rate": 0.9803921568627451,
    "jurisdiction_match_rate": 0.9803921568627451,
    "document_form_match_rate": 0.9803921568627451,
    "domain_overlap_mean": 0.19411764705882353,
    "year_score_mean": 0.9705882352941176,
    "length_score_mean": 0.8120011593503857,
    "encoding_method_used": "tfidf"
  }
}